"File","FileName","PeptideModifiedSequence","PrecursorCharge","FragmentIon","ProductCharge","Status","Notes"
"CSF_Biomarkers","2013_1024_10_C5940018327_ABE4869g_201704_69.wiff","AADDTWEPFASGK",2,"b5",1,NA,NA
"CSF_Biomarkers","2013_1024_10_C5940018327_ABE4869g_201704_69.wiff","AADDTWEPFASGK",2,"y6",1,NA,NA
"CSF_Biomarkers","2013_1024_10_C5940018327_ABE4869g_201704_69.wiff","AADDTWEPFASGK",2,"y7",1,NA,NA
"CSF_Biomarkers","2013_1024_10_C5940018327_ABE4869g_201704_69.wiff","AADDTWEPFASGK",2,"y8",1,NA,NA
"CSF_Biomarkers","2013_1024_11_C5940006164_ABE4869g_201707_0.wiff","AADDTWEPFASGK",2,"b5",1,NA,NA
"CSF_Biomarkers","2013_1024_11_C5940006164_ABE4869g_201707_0.wiff","AADDTWEPFASGK",2,"y6",1,NA,NA
"CSF_Biomarkers","2013_1024_11_C5940006164_ABE4869g_201707_0.wiff","AADDTWEPFASGK",2,"y7",1,NA,NA
"CSF_Biomarkers","2013_1024_11_C5940006164_ABE4869g_201707_0.wiff","AADDTWEPFASGK",2,"y8",1,NA,NA
"CSF_Biomarkers","2013_1024_12_C5940018371_ABE4869g_201707_69.wiff","AADDTWEPFASGK",2,"b5",1,NA,NA
"CSF_Biomarkers","2013_1024_12_C5940018371_ABE4869g_201707_69.wiff","AADDTWEPFASGK",2,"y6",1,NA,NA
"CSF_Biomarkers","2013_1024_12_C5940018371_ABE4869g_201707_69.wiff","AADDTWEPFASGK",2,"y7",1,NA,NA
"CSF_Biomarkers","2013_1024_12_C5940018371_ABE4869g_201707_69.wiff","AADDTWEPFASGK",2,"y8",1,NA,NA
"CSF_Biomarkers","2013_1024_1_C5940002269_ABE4869g_201603_0.wiff","AADDTWEPFASGK",2,"b5",1,NA,NA
"CSF_Biomarkers","2013_1024_1_C5940002269_ABE4869g_201603_0.wiff","AADDTWEPFASGK",2,"y6",1,NA,NA
"CSF_Biomarkers","2013_1024_1_C5940002269_ABE4869g_201603_0.wiff","AADDTWEPFASGK",2,"y7",1,NA,NA
"CSF_Biomarkers","2013_1024_1_C5940002269_ABE4869g_201603_0.wiff","AADDTWEPFASGK",2,"y8",1,NA,NA
"CSF_Biomarkers","2013_1024_10_C5940018327_ABE4869g_201704_69.wiff","AGDFLEANYMNLQR",2,"y4",1,NA,NA
"CSF_Biomarkers","2013_1024_10_C5940018327_ABE4869g_201704_69.wiff","AGDFLEANYMNLQR",2,"y5",1,NA,NA
"CSF_Biomarkers","2013_1024_10_C5940018327_ABE4869g_201704_69.wiff","AGDFLEANYMNLQR",2,"y7",1,NA,NA
"CSF_Biomarkers","2013_1024_10_C5940018327_ABE4869g_201704_69.wiff","AGDFLEANYMNLQR",2,"y8",1,NA,NA
"CSF_Biomarkers","2013_1024_11_C5940006164_ABE4869g_201707_0.wiff","AGDFLEANYMNLQR",2,"y4",1,NA,NA
"CSF_Biomarkers","2013_1024_11_C5940006164_ABE4869g_201707_0.wiff","AGDFLEANYMNLQR",2,"y5",1,NA,NA
"CSF_Biomarkers","2013_1024_11_C5940006164_ABE4869g_201707_0.wiff","AGDFLEANYMNLQR",2,"y7",1,NA,NA
"CSF_Biomarkers","2013_1024_11_C5940006164_ABE4869g_201707_0.wiff","AGDFLEANYMNLQR",2,"y8",1,NA,NA
"CSF_Biomarkers","2013_1024_12_C5940018371_ABE4869g_201707_69.wiff","AGDFLEANYMNLQR",2,"y4",1,NA,NA
"CSF_Biomarkers","2013_1024_12_C5940018371_ABE4869g_201707_69.wiff","AGDFLEANYMNLQR",2,"y5",1,NA,NA
"CSF_Biomarkers","2013_1024_12_C5940018371_ABE4869g_201707_69.wiff","AGDFLEANYMNLQR",2,"y7",1,NA,NA
"CSF_Biomarkers","2013_1024_12_C5940018371_ABE4869g_201707_69.wiff","AGDFLEANYMNLQR",2,"y8",1,NA,NA
"CSF_Biomarkers","2013_1024_1_C5940002269_ABE4869g_201603_0.wiff","AGDFLEANYMNLQR",2,"y4",1,NA,NA
"CSF_Biomarkers","2013_1024_1_C5940002269_ABE4869g_201603_0.wiff","AGDFLEANYMNLQR",2,"y5",1,NA,NA
"CSF_Biomarkers","2013_1024_1_C5940002269_ABE4869g_201603_0.wiff","AGDFLEANYMNLQR",2,"y7",1,NA,NA
"CSF_Biomarkers","2013_1024_1_C5940002269_ABE4869g_201603_0.wiff","AGDFLEANYMNLQR",2,"y8",1,NA,NA
"CSF_Biomarkers","2013_1024_10_C5940018327_ABE4869g_201704_69.wiff","ALYLQYTDETFR",2,"y3",1,NA,NA
"CSF_Biomarkers","2013_1024_10_C5940018327_ABE4869g_201704_69.wiff","ALYLQYTDETFR",2,"y6",1,NA,NA
"CSF_Biomarkers","2013_1024_10_C5940018327_ABE4869g_201704_69.wiff","ALYLQYTDETFR",2,"y7",1,NA,NA
"CSF_Biomarkers","2013_1024_10_C5940018327_ABE4869g_201704_69.wiff","ALYLQYTDETFR",2,"y8",1,NA,NA
"CSF_Biomarkers","2013_1024_11_C5940006164_ABE4869g_201707_0.wiff","ALYLQYTDETFR",2,"y3",1,NA,NA
"CSF_Biomarkers","2013_1024_11_C5940006164_ABE4869g_201707_0.wiff","ALYLQYTDETFR",2,"y6",1,NA,NA
"CSF_Biomarkers","2013_1024_11_C5940006164_ABE4869g_201707_0.wiff","ALYLQYTDETFR",2,"y7",1,NA,NA
"CSF_Biomarkers","2013_1024_11_C5940006164_ABE4869g_201707_0.wiff","ALYLQYTDETFR",2,"y8",1,NA,NA
"CSF_Biomarkers","2013_1024_12_C5940018371_ABE4869g_201707_69.wiff","ALYLQYTDETFR",2,"y3",1,NA,NA
"CSF_Biomarkers","2013_1024_12_C5940018371_ABE4869g_201707_69.wiff","ALYLQYTDETFR",2,"y6",1,NA,NA
"CSF_Biomarkers","2013_1024_12_C5940018371_ABE4869g_201707_69.wiff","ALYLQYTDETFR",2,"y7",1,NA,NA
"CSF_Biomarkers","2013_1024_12_C5940018371_ABE4869g_201707_69.wiff","ALYLQYTDETFR",2,"y8",1,NA,NA
"CSF_Biomarkers","2013_1024_1_C5940002269_ABE4869g_201603_0.wiff","ALYLQYTDETFR",2,"y3",1,NA,NA
"CSF_Biomarkers","2013_1024_1_C5940002269_ABE4869g_201603_0.wiff","ALYLQYTDETFR",2,"y6",1,NA,NA
"CSF_Biomarkers","2013_1024_1_C5940002269_ABE4869g_201603_0.wiff","ALYLQYTDETFR",2,"y7",1,NA,NA
"CSF_Biomarkers","2013_1024_1_C5940002269_ABE4869g_201603_0.wiff","ALYLQYTDETFR",2,"y8",1,NA,NA
"CSF_Biomarkers","2013_1024_10_C5940018327_ABE4869g_201704_69.wiff","APEAQVSVQPNFQQDK",2,"b5",1,NA,NA
"CSF_Biomarkers","2013_1024_10_C5940018327_ABE4869g_201704_69.wiff","APEAQVSVQPNFQQDK",2,"b6",1,NA,NA
"CSF_Biomarkers","2013_1024_10_C5940018327_ABE4869g_201704_69.wiff","APEAQVSVQPNFQQDK",2,"b9",1,NA,NA
"CSF_Biomarkers","2013_1024_10_C5940018327_ABE4869g_201704_69.wiff","APEAQVSVQPNFQQDK",2,"y7",1,NA,NA
"CSF_Biomarkers","2013_1024_11_C5940006164_ABE4869g_201707_0.wiff","APEAQVSVQPNFQQDK",2,"b5",1,NA,NA
"CSF_Biomarkers","2013_1024_11_C5940006164_ABE4869g_201707_0.wiff","APEAQVSVQPNFQQDK",2,"b6",1,NA,NA
"CSF_Biomarkers","2013_1024_11_C5940006164_ABE4869g_201707_0.wiff","APEAQVSVQPNFQQDK",2,"b9",1,NA,NA
"CSF_Biomarkers","2013_1024_11_C5940006164_ABE4869g_201707_0.wiff","APEAQVSVQPNFQQDK",2,"y7",1,NA,NA
"CSF_Biomarkers","2013_1024_12_C5940018371_ABE4869g_201707_69.wiff","APEAQVSVQPNFQQDK",2,"b5",1,NA,NA
"CSF_Biomarkers","2013_1024_12_C5940018371_ABE4869g_201707_69.wiff","APEAQVSVQPNFQQDK",2,"b6",1,NA,NA
"CSF_Biomarkers","2013_1024_12_C5940018371_ABE4869g_201707_69.wiff","APEAQVSVQPNFQQDK",2,"b9",1,NA,NA
"CSF_Biomarkers","2013_1024_12_C5940018371_ABE4869g_201707_69.wiff","APEAQVSVQPNFQQDK",2,"y7",1,NA,NA
"CSF_Biomarkers","2013_1024_1_C5940002269_ABE4869g_201603_0.wiff","APEAQVSVQPNFQQDK",2,"b5",1,NA,NA
"CSF_Biomarkers","2013_1024_1_C5940002269_ABE4869g_201603_0.wiff","APEAQVSVQPNFQQDK",2,"b6",1,NA,NA
"CSF_Biomarkers","2013_1024_1_C5940002269_ABE4869g_201603_0.wiff","APEAQVSVQPNFQQDK",2,"b9",1,NA,NA
"CSF_Biomarkers","2013_1024_1_C5940002269_ABE4869g_201603_0.wiff","APEAQVSVQPNFQQDK",2,"y7",1,NA,NA
"CSF_Biomarkers","2013_1024_10_C5940018327_ABE4869g_201704_69.wiff","ASSIIDELFQDR",2,"y4",1,NA,NA
"CSF_Biomarkers","2013_1024_10_C5940018327_ABE4869g_201704_69.wiff","ASSIIDELFQDR",2,"y6",1,NA,NA
"CSF_Biomarkers","2013_1024_10_C5940018327_ABE4869g_201704_69.wiff","ASSIIDELFQDR",2,"y7",1,NA,NA
"CSF_Biomarkers","2013_1024_10_C5940018327_ABE4869g_201704_69.wiff","ASSIIDELFQDR",2,"y8",1,NA,NA
"CSF_Biomarkers","2013_1024_11_C5940006164_ABE4869g_201707_0.wiff","ASSIIDELFQDR",2,"y4",1,NA,NA
"CSF_Biomarkers","2013_1024_11_C5940006164_ABE4869g_201707_0.wiff","ASSIIDELFQDR",2,"y6",1,NA,NA
"CSF_Biomarkers","2013_1024_11_C5940006164_ABE4869g_201707_0.wiff","ASSIIDELFQDR",2,"y7",1,NA,NA
"CSF_Biomarkers","2013_1024_11_C5940006164_ABE4869g_201707_0.wiff","ASSIIDELFQDR",2,"y8",1,NA,NA
"CSF_Biomarkers","2013_1024_12_C5940018371_ABE4869g_201707_69.wiff","ASSIIDELFQDR",2,"y4",1,NA,NA
"CSF_Biomarkers","2013_1024_12_C5940018371_ABE4869g_201707_69.wiff","ASSIIDELFQDR",2,"y6",1,NA,NA
"CSF_Biomarkers","2013_1024_12_C5940018371_ABE4869g_201707_69.wiff","ASSIIDELFQDR",2,"y7",1,NA,NA
"CSF_Biomarkers","2013_1024_12_C5940018371_ABE4869g_201707_69.wiff","ASSIIDELFQDR",2,"y8",1,NA,NA
"CSF_Biomarkers","2013_1024_1_C5940002269_ABE4869g_201603_0.wiff","ASSIIDELFQDR",2,"y4",1,NA,NA
"CSF_Biomarkers","2013_1024_1_C5940002269_ABE4869g_201603_0.wiff","ASSIIDELFQDR",2,"y6",1,NA,NA
"CSF_Biomarkers","2013_1024_1_C5940002269_ABE4869g_201603_0.wiff","ASSIIDELFQDR",2,"y7",1,NA,NA
"CSF_Biomarkers","2013_1024_1_C5940002269_ABE4869g_201603_0.wiff","ASSIIDELFQDR",2,"y8",1,NA,NA
"CSF_Biomarkers","2013_1024_10_C5940018327_ABE4869g_201704_69.wiff","ATVVYQGER",2,"b4",1,NA,NA
"CSF_Biomarkers","2013_1024_10_C5940018327_ABE4869g_201704_69.wiff","ATVVYQGER",2,"y5",1,NA,NA
"CSF_Biomarkers","2013_1024_10_C5940018327_ABE4869g_201704_69.wiff","ATVVYQGER",2,"y6",1,NA,NA
"CSF_Biomarkers","2013_1024_10_C5940018327_ABE4869g_201704_69.wiff","ATVVYQGER",2,"y7",1,NA,NA
"CSF_Biomarkers","2013_1024_11_C5940006164_ABE4869g_201707_0.wiff","ATVVYQGER",2,"b4",1,NA,NA
"CSF_Biomarkers","2013_1024_11_C5940006164_ABE4869g_201707_0.wiff","ATVVYQGER",2,"y5",1,NA,NA
"CSF_Biomarkers","2013_1024_11_C5940006164_ABE4869g_201707_0.wiff","ATVVYQGER",2,"y6",1,NA,NA
"CSF_Biomarkers","2013_1024_11_C5940006164_ABE4869g_201707_0.wiff","ATVVYQGER",2,"y7",1,NA,NA
"CSF_Biomarkers","2013_1024_12_C5940018371_ABE4869g_201707_69.wiff","ATVVYQGER",2,"b4",1,NA,NA
"CSF_Biomarkers","2013_1024_12_C5940018371_ABE4869g_201707_69.wiff","ATVVYQGER",2,"y5",1,NA,NA
"CSF_Biomarkers","2013_1024_12_C5940018371_ABE4869g_201707_69.wiff","ATVVYQGER",2,"y6",1,NA,NA
"CSF_Biomarkers","2013_1024_12_C5940018371_ABE4869g_201707_69.wiff","ATVVYQGER",2,"y7",1,NA,NA
"CSF_Biomarkers","2013_1024_1_C5940002269_ABE4869g_201603_0.wiff","ATVVYQGER",2,"b4",1,NA,NA
"CSF_Biomarkers","2013_1024_1_C5940002269_ABE4869g_201603_0.wiff","ATVVYQGER",2,"y5",1,NA,NA
"CSF_Biomarkers","2013_1024_1_C5940002269_ABE4869g_201603_0.wiff","ATVVYQGER",2,"y6",1,NA,NA
"CSF_Biomarkers","2013_1024_1_C5940002269_ABE4869g_201603_0.wiff","ATVVYQGER",2,"y7",1,NA,NA
"CSF_Biomarkers","2013_1024_10_C5940018327_ABE4869g_201704_69.wiff","AVQQPDGLAVLGIFLK",2,"b3",1,NA,NA
"CSF_Biomarkers","2013_1024_10_C5940018327_ABE4869g_201704_69.wiff","AVQQPDGLAVLGIFLK",2,"b4",1,NA,NA
"CSF_Biomarkers","2013_1024_10_C5940018327_ABE4869g_201704_69.wiff","AVQQPDGLAVLGIFLK",2,"y5",1,NA,NA
"CSF_Biomarkers","2013_1024_10_C5940018327_ABE4869g_201704_69.wiff","AVQQPDGLAVLGIFLK",2,"y8",1,NA,NA
"CSF_Biomarkers","2013_1024_11_C5940006164_ABE4869g_201707_0.wiff","AVQQPDGLAVLGIFLK",2,"b3",1,NA,NA
"CSF_Biomarkers","2013_1024_11_C5940006164_ABE4869g_201707_0.wiff","AVQQPDGLAVLGIFLK",2,"b4",1,NA,NA
"CSF_Biomarkers","2013_1024_11_C5940006164_ABE4869g_201707_0.wiff","AVQQPDGLAVLGIFLK",2,"y5",1,NA,NA
"CSF_Biomarkers","2013_1024_11_C5940006164_ABE4869g_201707_0.wiff","AVQQPDGLAVLGIFLK",2,"y8",1,NA,NA
"CSF_Biomarkers","2013_1024_12_C5940018371_ABE4869g_201707_69.wiff","AVQQPDGLAVLGIFLK",2,"b3",1,NA,NA
"CSF_Biomarkers","2013_1024_12_C5940018371_ABE4869g_201707_69.wiff","AVQQPDGLAVLGIFLK",2,"b4",1,NA,NA
"CSF_Biomarkers","2013_1024_12_C5940018371_ABE4869g_201707_69.wiff","AVQQPDGLAVLGIFLK",2,"y5",1,NA,NA
"CSF_Biomarkers","2013_1024_12_C5940018371_ABE4869g_201707_69.wiff","AVQQPDGLAVLGIFLK",2,"y8",1,NA,NA
"CSF_Biomarkers","2013_1024_1_C5940002269_ABE4869g_201603_0.wiff","AVQQPDGLAVLGIFLK",2,"b3",1,NA,NA
"CSF_Biomarkers","2013_1024_1_C5940002269_ABE4869g_201603_0.wiff","AVQQPDGLAVLGIFLK",2,"b4",1,NA,NA
"CSF_Biomarkers","2013_1024_1_C5940002269_ABE4869g_201603_0.wiff","AVQQPDGLAVLGIFLK",2,"y5",1,NA,NA
"CSF_Biomarkers","2013_1024_1_C5940002269_ABE4869g_201603_0.wiff","AVQQPDGLAVLGIFLK",2,"y8",1,NA,NA
"CSF_Biomarkers","2013_1024_10_C5940018327_ABE4869g_201704_69.wiff","AVVVHAGEDDLGR",2,"y7",1,NA,NA
"CSF_Biomarkers","2013_1024_10_C5940018327_ABE4869g_201704_69.wiff","AVVVHAGEDDLGR",2,"y8",1,NA,NA
"CSF_Biomarkers","2013_1024_10_C5940018327_ABE4869g_201704_69.wiff","AVVVHAGEDDLGR",2,"y9",1,NA,NA
"CSF_Biomarkers","2013_1024_10_C5940018327_ABE4869g_201704_69.wiff","AVVVHAGEDDLGR",2,"y9",2,NA,NA
"CSF_Biomarkers","2013_1024_11_C5940006164_ABE4869g_201707_0.wiff","AVVVHAGEDDLGR",2,"y7",1,NA,NA
"CSF_Biomarkers","2013_1024_11_C5940006164_ABE4869g_201707_0.wiff","AVVVHAGEDDLGR",2,"y8",1,NA,NA
"CSF_Biomarkers","2013_1024_11_C5940006164_ABE4869g_201707_0.wiff","AVVVHAGEDDLGR",2,"y9",1,NA,NA
"CSF_Biomarkers","2013_1024_11_C5940006164_ABE4869g_201707_0.wiff","AVVVHAGEDDLGR",2,"y9",2,NA,NA
"CSF_Biomarkers","2013_1024_12_C5940018371_ABE4869g_201707_69.wiff","AVVVHAGEDDLGR",2,"y7",1,NA,NA
"CSF_Biomarkers","2013_1024_12_C5940018371_ABE4869g_201707_69.wiff","AVVVHAGEDDLGR",2,"y8",1,NA,NA
"CSF_Biomarkers","2013_1024_12_C5940018371_ABE4869g_201707_69.wiff","AVVVHAGEDDLGR",2,"y9",1,NA,NA
"CSF_Biomarkers","2013_1024_12_C5940018371_ABE4869g_201707_69.wiff","AVVVHAGEDDLGR",2,"y9",2,NA,NA
"CSF_Biomarkers","2013_1024_1_C5940002269_ABE4869g_201603_0.wiff","AVVVHAGEDDLGR",2,"y7",1,NA,NA
"CSF_Biomarkers","2013_1024_1_C5940002269_ABE4869g_201603_0.wiff","AVVVHAGEDDLGR",2,"y8",1,NA,NA
"CSF_Biomarkers","2013_1024_1_C5940002269_ABE4869g_201603_0.wiff","AVVVHAGEDDLGR",2,"y9",1,NA,NA
"CSF_Biomarkers","2013_1024_1_C5940002269_ABE4869g_201603_0.wiff","AVVVHAGEDDLGR",2,"y9",2,NA,NA
"CSF_Biomarkers","2013_1024_10_C5940018327_ABE4869g_201704_69.wiff","C[+57]LVGEFVSDALLVPDK",2,"b3",1,NA,NA
"CSF_Biomarkers","2013_1024_10_C5940018327_ABE4869g_201704_69.wiff","C[+57]LVGEFVSDALLVPDK",2,"y3",1,NA,NA
"CSF_Biomarkers","2013_1024_10_C5940018327_ABE4869g_201704_69.wiff","C[+57]LVGEFVSDALLVPDK",2,"y4",1,NA,NA
"CSF_Biomarkers","2013_1024_10_C5940018327_ABE4869g_201704_69.wiff","C[+57]LVGEFVSDALLVPDK",2,"y9",1,NA,NA
"CSF_Biomarkers","2013_1024_11_C5940006164_ABE4869g_201707_0.wiff","C[+57]LVGEFVSDALLVPDK",2,"b3",1,NA,NA
"CSF_Biomarkers","2013_1024_11_C5940006164_ABE4869g_201707_0.wiff","C[+57]LVGEFVSDALLVPDK",2,"y3",1,NA,NA
"CSF_Biomarkers","2013_1024_11_C5940006164_ABE4869g_201707_0.wiff","C[+57]LVGEFVSDALLVPDK",2,"y4",1,NA,NA
"CSF_Biomarkers","2013_1024_11_C5940006164_ABE4869g_201707_0.wiff","C[+57]LVGEFVSDALLVPDK",2,"y9",1,NA,NA
"CSF_Biomarkers","2013_1024_12_C5940018371_ABE4869g_201707_69.wiff","C[+57]LVGEFVSDALLVPDK",2,"b3",1,NA,NA
"CSF_Biomarkers","2013_1024_12_C5940018371_ABE4869g_201707_69.wiff","C[+57]LVGEFVSDALLVPDK",2,"y3",1,NA,NA
"CSF_Biomarkers","2013_1024_12_C5940018371_ABE4869g_201707_69.wiff","C[+57]LVGEFVSDALLVPDK",2,"y4",1,NA,NA
"CSF_Biomarkers","2013_1024_12_C5940018371_ABE4869g_201707_69.wiff","C[+57]LVGEFVSDALLVPDK",2,"y9",1,NA,NA
"CSF_Biomarkers","2013_1024_1_C5940002269_ABE4869g_201603_0.wiff","C[+57]LVGEFVSDALLVPDK",2,"b3",1,NA,NA
"CSF_Biomarkers","2013_1024_1_C5940002269_ABE4869g_201603_0.wiff","C[+57]LVGEFVSDALLVPDK",2,"y3",1,NA,NA
"CSF_Biomarkers","2013_1024_1_C5940002269_ABE4869g_201603_0.wiff","C[+57]LVGEFVSDALLVPDK",2,"y4",1,NA,NA
"CSF_Biomarkers","2013_1024_1_C5940002269_ABE4869g_201603_0.wiff","C[+57]LVGEFVSDALLVPDK",2,"y9",1,NA,NA
"CSF_Biomarkers","2013_1024_10_C5940018327_ABE4869g_201704_69.wiff","DELAPAGTGVSR",2,"b4",1,NA,NA
"CSF_Biomarkers","2013_1024_10_C5940018327_ABE4869g_201704_69.wiff","DELAPAGTGVSR",2,"y6",1,NA,NA
"CSF_Biomarkers","2013_1024_10_C5940018327_ABE4869g_201704_69.wiff","DELAPAGTGVSR",2,"y8",1,NA,NA
"CSF_Biomarkers","2013_1024_10_C5940018327_ABE4869g_201704_69.wiff","DELAPAGTGVSR",2,"y9",1,NA,NA
"CSF_Biomarkers","2013_1024_11_C5940006164_ABE4869g_201707_0.wiff","DELAPAGTGVSR",2,"b4",1,NA,NA
"CSF_Biomarkers","2013_1024_11_C5940006164_ABE4869g_201707_0.wiff","DELAPAGTGVSR",2,"y6",1,NA,NA
"CSF_Biomarkers","2013_1024_11_C5940006164_ABE4869g_201707_0.wiff","DELAPAGTGVSR",2,"y8",1,NA,NA
"CSF_Biomarkers","2013_1024_11_C5940006164_ABE4869g_201707_0.wiff","DELAPAGTGVSR",2,"y9",1,NA,NA
"CSF_Biomarkers","2013_1024_12_C5940018371_ABE4869g_201707_69.wiff","DELAPAGTGVSR",2,"b4",1,NA,NA
"CSF_Biomarkers","2013_1024_12_C5940018371_ABE4869g_201707_69.wiff","DELAPAGTGVSR",2,"y6",1,NA,NA
"CSF_Biomarkers","2013_1024_12_C5940018371_ABE4869g_201707_69.wiff","DELAPAGTGVSR",2,"y8",1,NA,NA
"CSF_Biomarkers","2013_1024_12_C5940018371_ABE4869g_201707_69.wiff","DELAPAGTGVSR",2,"y9",1,NA,NA
"CSF_Biomarkers","2013_1024_1_C5940002269_ABE4869g_201603_0.wiff","DELAPAGTGVSR",2,"b4",1,NA,NA
"CSF_Biomarkers","2013_1024_1_C5940002269_ABE4869g_201603_0.wiff","DELAPAGTGVSR",2,"y6",1,NA,NA
"CSF_Biomarkers","2013_1024_1_C5940002269_ABE4869g_201603_0.wiff","DELAPAGTGVSR",2,"y8",1,NA,NA
"CSF_Biomarkers","2013_1024_1_C5940002269_ABE4869g_201603_0.wiff","DELAPAGTGVSR",2,"y9",1,NA,NA
"CSF_Biomarkers","2013_1024_10_C5940018327_ABE4869g_201704_69.wiff","DGAGDVAFVK",2,"y4",1,NA,NA
"CSF_Biomarkers","2013_1024_10_C5940018327_ABE4869g_201704_69.wiff","DGAGDVAFVK",2,"y5",1,NA,NA
"CSF_Biomarkers","2013_1024_10_C5940018327_ABE4869g_201704_69.wiff","DGAGDVAFVK",2,"y7",1,NA,NA
"CSF_Biomarkers","2013_1024_10_C5940018327_ABE4869g_201704_69.wiff","DGAGDVAFVK",2,"y8",1,NA,NA
"CSF_Biomarkers","2013_1024_11_C5940006164_ABE4869g_201707_0.wiff","DGAGDVAFVK",2,"y4",1,NA,NA
"CSF_Biomarkers","2013_1024_11_C5940006164_ABE4869g_201707_0.wiff","DGAGDVAFVK",2,"y5",1,NA,NA
"CSF_Biomarkers","2013_1024_11_C5940006164_ABE4869g_201707_0.wiff","DGAGDVAFVK",2,"y7",1,NA,NA
"CSF_Biomarkers","2013_1024_11_C5940006164_ABE4869g_201707_0.wiff","DGAGDVAFVK",2,"y8",1,NA,NA
"CSF_Biomarkers","2013_1024_12_C5940018371_ABE4869g_201707_69.wiff","DGAGDVAFVK",2,"y4",1,NA,NA
"CSF_Biomarkers","2013_1024_12_C5940018371_ABE4869g_201707_69.wiff","DGAGDVAFVK",2,"y5",1,NA,NA
"CSF_Biomarkers","2013_1024_12_C5940018371_ABE4869g_201707_69.wiff","DGAGDVAFVK",2,"y7",1,NA,NA
"CSF_Biomarkers","2013_1024_12_C5940018371_ABE4869g_201707_69.wiff","DGAGDVAFVK",2,"y8",1,NA,NA
"CSF_Biomarkers","2013_1024_1_C5940002269_ABE4869g_201603_0.wiff","DGAGDVAFVK",2,"y4",1,NA,NA
"CSF_Biomarkers","2013_1024_1_C5940002269_ABE4869g_201603_0.wiff","DGAGDVAFVK",2,"y5",1,NA,NA
"CSF_Biomarkers","2013_1024_1_C5940002269_ABE4869g_201603_0.wiff","DGAGDVAFVK",2,"y7",1,NA,NA
"CSF_Biomarkers","2013_1024_1_C5940002269_ABE4869g_201603_0.wiff","DGAGDVAFVK",2,"y8",1,NA,NA
"CSF_Biomarkers","2013_1024_10_C5940018327_ABE4869g_201704_69.wiff","EAGTLAYYEIC[+57]DFLR",2,"y5",1,NA,NA
"CSF_Biomarkers","2013_1024_10_C5940018327_ABE4869g_201704_69.wiff","EAGTLAYYEIC[+57]DFLR",2,"y6",1,NA,NA
"CSF_Biomarkers","2013_1024_10_C5940018327_ABE4869g_201704_69.wiff","EAGTLAYYEIC[+57]DFLR",2,"y7",1,NA,NA
"CSF_Biomarkers","2013_1024_10_C5940018327_ABE4869g_201704_69.wiff","EAGTLAYYEIC[+57]DFLR",2,"y8",1,NA,NA
"CSF_Biomarkers","2013_1024_11_C5940006164_ABE4869g_201707_0.wiff","EAGTLAYYEIC[+57]DFLR",2,"y5",1,NA,NA
"CSF_Biomarkers","2013_1024_11_C5940006164_ABE4869g_201707_0.wiff","EAGTLAYYEIC[+57]DFLR",2,"y6",1,NA,NA
"CSF_Biomarkers","2013_1024_11_C5940006164_ABE4869g_201707_0.wiff","EAGTLAYYEIC[+57]DFLR",2,"y7",1,NA,NA
"CSF_Biomarkers","2013_1024_11_C5940006164_ABE4869g_201707_0.wiff","EAGTLAYYEIC[+57]DFLR",2,"y8",1,NA,NA
"CSF_Biomarkers","2013_1024_12_C5940018371_ABE4869g_201707_69.wiff","EAGTLAYYEIC[+57]DFLR",2,"y5",1,NA,NA
"CSF_Biomarkers","2013_1024_12_C5940018371_ABE4869g_201707_69.wiff","EAGTLAYYEIC[+57]DFLR",2,"y6",1,NA,NA
"CSF_Biomarkers","2013_1024_12_C5940018371_ABE4869g_201707_69.wiff","EAGTLAYYEIC[+57]DFLR",2,"y7",1,NA,NA
"CSF_Biomarkers","2013_1024_12_C5940018371_ABE4869g_201707_69.wiff","EAGTLAYYEIC[+57]DFLR",2,"y8",1,NA,NA
"CSF_Biomarkers","2013_1024_1_C5940002269_ABE4869g_201603_0.wiff","EAGTLAYYEIC[+57]DFLR",2,"y5",1,NA,NA
"CSF_Biomarkers","2013_1024_1_C5940002269_ABE4869g_201603_0.wiff","EAGTLAYYEIC[+57]DFLR",2,"y6",1,NA,NA
"CSF_Biomarkers","2013_1024_1_C5940002269_ABE4869g_201603_0.wiff","EAGTLAYYEIC[+57]DFLR",2,"y7",1,NA,NA
"CSF_Biomarkers","2013_1024_1_C5940002269_ABE4869g_201603_0.wiff","EAGTLAYYEIC[+57]DFLR",2,"y8",1,NA,NA
"CSF_Biomarkers","2013_1024_10_C5940018327_ABE4869g_201704_69.wiff","GENFTETDVK",2,"y5",1,NA,NA
"CSF_Biomarkers","2013_1024_10_C5940018327_ABE4869g_201704_69.wiff","GENFTETDVK",2,"y6",1,NA,NA
"CSF_Biomarkers","2013_1024_10_C5940018327_ABE4869g_201704_69.wiff","GENFTETDVK",2,"y7",1,NA,NA
"CSF_Biomarkers","2013_1024_10_C5940018327_ABE4869g_201704_69.wiff","GENFTETDVK",2,"y8",1,NA,NA
"CSF_Biomarkers","2013_1024_11_C5940006164_ABE4869g_201707_0.wiff","GENFTETDVK",2,"y5",1,NA,NA
"CSF_Biomarkers","2013_1024_11_C5940006164_ABE4869g_201707_0.wiff","GENFTETDVK",2,"y6",1,NA,NA
"CSF_Biomarkers","2013_1024_11_C5940006164_ABE4869g_201707_0.wiff","GENFTETDVK",2,"y7",1,NA,NA
"CSF_Biomarkers","2013_1024_11_C5940006164_ABE4869g_201707_0.wiff","GENFTETDVK",2,"y8",1,NA,NA
"CSF_Biomarkers","2013_1024_12_C5940018371_ABE4869g_201707_69.wiff","GENFTETDVK",2,"y5",1,NA,NA
"CSF_Biomarkers","2013_1024_12_C5940018371_ABE4869g_201707_69.wiff","GENFTETDVK",2,"y6",1,NA,NA
"CSF_Biomarkers","2013_1024_12_C5940018371_ABE4869g_201707_69.wiff","GENFTETDVK",2,"y7",1,NA,NA
"CSF_Biomarkers","2013_1024_12_C5940018371_ABE4869g_201707_69.wiff","GENFTETDVK",2,"y8",1,NA,NA
"CSF_Biomarkers","2013_1024_1_C5940002269_ABE4869g_201603_0.wiff","GENFTETDVK",2,"y5",1,NA,NA
"CSF_Biomarkers","2013_1024_1_C5940002269_ABE4869g_201603_0.wiff","GENFTETDVK",2,"y6",1,NA,NA
"CSF_Biomarkers","2013_1024_1_C5940002269_ABE4869g_201603_0.wiff","GENFTETDVK",2,"y7",1,NA,NA
"CSF_Biomarkers","2013_1024_1_C5940002269_ABE4869g_201603_0.wiff","GENFTETDVK",2,"y8",1,NA,NA
"CSF_Biomarkers","2013_1024_10_C5940018327_ABE4869g_201704_69.wiff","GGPFSDSYR",2,"y4",1,NA,NA
"CSF_Biomarkers","2013_1024_10_C5940018327_ABE4869g_201704_69.wiff","GGPFSDSYR",2,"y5",1,NA,NA
"CSF_Biomarkers","2013_1024_10_C5940018327_ABE4869g_201704_69.wiff","GGPFSDSYR",2,"y6",1,NA,NA
"CSF_Biomarkers","2013_1024_10_C5940018327_ABE4869g_201704_69.wiff","GGPFSDSYR",2,"y7",2,NA,NA
"CSF_Biomarkers","2013_1024_11_C5940006164_ABE4869g_201707_0.wiff","GGPFSDSYR",2,"y4",1,NA,NA
"CSF_Biomarkers","2013_1024_11_C5940006164_ABE4869g_201707_0.wiff","GGPFSDSYR",2,"y5",1,NA,NA
"CSF_Biomarkers","2013_1024_11_C5940006164_ABE4869g_201707_0.wiff","GGPFSDSYR",2,"y6",1,NA,NA
"CSF_Biomarkers","2013_1024_11_C5940006164_ABE4869g_201707_0.wiff","GGPFSDSYR",2,"y7",2,NA,NA
"CSF_Biomarkers","2013_1024_12_C5940018371_ABE4869g_201707_69.wiff","GGPFSDSYR",2,"y4",1,NA,NA
"CSF_Biomarkers","2013_1024_12_C5940018371_ABE4869g_201707_69.wiff","GGPFSDSYR",2,"y5",1,NA,NA
"CSF_Biomarkers","2013_1024_12_C5940018371_ABE4869g_201707_69.wiff","GGPFSDSYR",2,"y6",1,NA,NA
"CSF_Biomarkers","2013_1024_12_C5940018371_ABE4869g_201707_69.wiff","GGPFSDSYR",2,"y7",2,NA,NA
"CSF_Biomarkers","2013_1024_1_C5940002269_ABE4869g_201603_0.wiff","GGPFSDSYR",2,"y4",1,NA,NA
"CSF_Biomarkers","2013_1024_1_C5940002269_ABE4869g_201603_0.wiff","GGPFSDSYR",2,"y5",1,NA,NA
"CSF_Biomarkers","2013_1024_1_C5940002269_ABE4869g_201603_0.wiff","GGPFSDSYR",2,"y6",1,NA,NA
"CSF_Biomarkers","2013_1024_1_C5940002269_ABE4869g_201603_0.wiff","GGPFSDSYR",2,"y7",2,NA,NA
"CSF_Biomarkers","2013_1024_10_C5940018327_ABE4869g_201704_69.wiff","HGTVVLTALGGILK",2,"b5",1,NA,NA
"CSF_Biomarkers","2013_1024_10_C5940018327_ABE4869g_201704_69.wiff","HGTVVLTALGGILK",2,"y10",1,NA,NA
"CSF_Biomarkers","2013_1024_10_C5940018327_ABE4869g_201704_69.wiff","HGTVVLTALGGILK",2,"y8",1,NA,NA
"CSF_Biomarkers","2013_1024_10_C5940018327_ABE4869g_201704_69.wiff","HGTVVLTALGGILK",2,"y9",1,NA,NA
"CSF_Biomarkers","2013_1024_11_C5940006164_ABE4869g_201707_0.wiff","HGTVVLTALGGILK",2,"b5",1,NA,NA
"CSF_Biomarkers","2013_1024_11_C5940006164_ABE4869g_201707_0.wiff","HGTVVLTALGGILK",2,"y10",1,NA,NA
"CSF_Biomarkers","2013_1024_11_C5940006164_ABE4869g_201707_0.wiff","HGTVVLTALGGILK",2,"y8",1,NA,NA
"CSF_Biomarkers","2013_1024_11_C5940006164_ABE4869g_201707_0.wiff","HGTVVLTALGGILK",2,"y9",1,NA,NA
"CSF_Biomarkers","2013_1024_12_C5940018371_ABE4869g_201707_69.wiff","HGTVVLTALGGILK",2,"b5",1,NA,NA
"CSF_Biomarkers","2013_1024_12_C5940018371_ABE4869g_201707_69.wiff","HGTVVLTALGGILK",2,"y10",1,NA,NA
"CSF_Biomarkers","2013_1024_12_C5940018371_ABE4869g_201707_69.wiff","HGTVVLTALGGILK",2,"y8",1,NA,NA
"CSF_Biomarkers","2013_1024_12_C5940018371_ABE4869g_201707_69.wiff","HGTVVLTALGGILK",2,"y9",1,NA,NA
"CSF_Biomarkers","2013_1024_1_C5940002269_ABE4869g_201603_0.wiff","HGTVVLTALGGILK",2,"b5",1,NA,NA
"CSF_Biomarkers","2013_1024_1_C5940002269_ABE4869g_201603_0.wiff","HGTVVLTALGGILK",2,"y10",1,NA,NA
"CSF_Biomarkers","2013_1024_1_C5940002269_ABE4869g_201603_0.wiff","HGTVVLTALGGILK",2,"y8",1,NA,NA
"CSF_Biomarkers","2013_1024_1_C5940002269_ABE4869g_201603_0.wiff","HGTVVLTALGGILK",2,"y9",1,NA,NA
"CSF_Biomarkers","2013_1024_10_C5940018327_ABE4869g_201704_69.wiff","HGTVVLTALGGILK",3,"y6",1,NA,NA
"CSF_Biomarkers","2013_1024_10_C5940018327_ABE4869g_201704_69.wiff","HGTVVLTALGGILK",3,"y7",1,NA,NA
"CSF_Biomarkers","2013_1024_11_C5940006164_ABE4869g_201707_0.wiff","HGTVVLTALGGILK",3,"y6",1,NA,NA
"CSF_Biomarkers","2013_1024_11_C5940006164_ABE4869g_201707_0.wiff","HGTVVLTALGGILK",3,"y7",1,NA,NA
"CSF_Biomarkers","2013_1024_12_C5940018371_ABE4869g_201707_69.wiff","HGTVVLTALGGILK",3,"y6",1,NA,NA
"CSF_Biomarkers","2013_1024_12_C5940018371_ABE4869g_201707_69.wiff","HGTVVLTALGGILK",3,"y7",1,NA,NA
"CSF_Biomarkers","2013_1024_1_C5940002269_ABE4869g_201603_0.wiff","HGTVVLTALGGILK",3,"y6",1,NA,NA
"CSF_Biomarkers","2013_1024_1_C5940002269_ABE4869g_201603_0.wiff","HGTVVLTALGGILK",3,"y7",1,NA,NA
"CSF_Biomarkers","2013_1024_10_C5940018327_ABE4869g_201704_69.wiff","HQFLLTGDTQGR",2,"y10",1,NA,NA
"CSF_Biomarkers","2013_1024_10_C5940018327_ABE4869g_201704_69.wiff","HQFLLTGDTQGR",2,"y4",1,NA,NA
"CSF_Biomarkers","2013_1024_10_C5940018327_ABE4869g_201704_69.wiff","HQFLLTGDTQGR",2,"y7",1,NA,NA
"CSF_Biomarkers","2013_1024_10_C5940018327_ABE4869g_201704_69.wiff","HQFLLTGDTQGR",2,"y8",1,NA,NA
"CSF_Biomarkers","2013_1024_11_C5940006164_ABE4869g_201707_0.wiff","HQFLLTGDTQGR",2,"y10",1,NA,NA
"CSF_Biomarkers","2013_1024_11_C5940006164_ABE4869g_201707_0.wiff","HQFLLTGDTQGR",2,"y4",1,NA,NA
"CSF_Biomarkers","2013_1024_11_C5940006164_ABE4869g_201707_0.wiff","HQFLLTGDTQGR",2,"y7",1,NA,NA
"CSF_Biomarkers","2013_1024_11_C5940006164_ABE4869g_201707_0.wiff","HQFLLTGDTQGR",2,"y8",1,NA,NA
"CSF_Biomarkers","2013_1024_12_C5940018371_ABE4869g_201707_69.wiff","HQFLLTGDTQGR",2,"y10",1,NA,NA
"CSF_Biomarkers","2013_1024_12_C5940018371_ABE4869g_201707_69.wiff","HQFLLTGDTQGR",2,"y4",1,NA,NA
"CSF_Biomarkers","2013_1024_12_C5940018371_ABE4869g_201707_69.wiff","HQFLLTGDTQGR",2,"y7",1,NA,NA
"CSF_Biomarkers","2013_1024_12_C5940018371_ABE4869g_201707_69.wiff","HQFLLTGDTQGR",2,"y8",1,NA,NA
"CSF_Biomarkers","2013_1024_1_C5940002269_ABE4869g_201603_0.wiff","HQFLLTGDTQGR",2,"y10",1,NA,NA
"CSF_Biomarkers","2013_1024_1_C5940002269_ABE4869g_201603_0.wiff","HQFLLTGDTQGR",2,"y4",1,NA,NA
"CSF_Biomarkers","2013_1024_1_C5940002269_ABE4869g_201603_0.wiff","HQFLLTGDTQGR",2,"y7",1,NA,NA
"CSF_Biomarkers","2013_1024_1_C5940002269_ABE4869g_201603_0.wiff","HQFLLTGDTQGR",2,"y8",1,NA,NA
"CSF_Biomarkers","2013_1024_10_C5940018327_ABE4869g_201704_69.wiff","IIASVPLAASPAR",2,"b5",1,NA,NA
"CSF_Biomarkers","2013_1024_10_C5940018327_ABE4869g_201704_69.wiff","IIASVPLAASPAR",2,"y10",1,NA,NA
"CSF_Biomarkers","2013_1024_10_C5940018327_ABE4869g_201704_69.wiff","IIASVPLAASPAR",2,"y8",1,NA,NA
"CSF_Biomarkers","2013_1024_10_C5940018327_ABE4869g_201704_69.wiff","IIASVPLAASPAR",2,"y9",1,NA,NA
"CSF_Biomarkers","2013_1024_11_C5940006164_ABE4869g_201707_0.wiff","IIASVPLAASPAR",2,"b5",1,NA,NA
"CSF_Biomarkers","2013_1024_11_C5940006164_ABE4869g_201707_0.wiff","IIASVPLAASPAR",2,"y10",1,NA,NA
"CSF_Biomarkers","2013_1024_11_C5940006164_ABE4869g_201707_0.wiff","IIASVPLAASPAR",2,"y8",1,NA,NA
"CSF_Biomarkers","2013_1024_11_C5940006164_ABE4869g_201707_0.wiff","IIASVPLAASPAR",2,"y9",1,NA,NA
"CSF_Biomarkers","2013_1024_12_C5940018371_ABE4869g_201707_69.wiff","IIASVPLAASPAR",2,"b5",1,NA,NA
"CSF_Biomarkers","2013_1024_12_C5940018371_ABE4869g_201707_69.wiff","IIASVPLAASPAR",2,"y10",1,NA,NA
"CSF_Biomarkers","2013_1024_12_C5940018371_ABE4869g_201707_69.wiff","IIASVPLAASPAR",2,"y8",1,NA,NA
"CSF_Biomarkers","2013_1024_12_C5940018371_ABE4869g_201707_69.wiff","IIASVPLAASPAR",2,"y9",1,NA,NA
"CSF_Biomarkers","2013_1024_1_C5940002269_ABE4869g_201603_0.wiff","IIASVPLAASPAR",2,"b5",1,NA,NA
"CSF_Biomarkers","2013_1024_1_C5940002269_ABE4869g_201603_0.wiff","IIASVPLAASPAR",2,"y10",1,NA,NA
"CSF_Biomarkers","2013_1024_1_C5940002269_ABE4869g_201603_0.wiff","IIASVPLAASPAR",2,"y8",1,NA,NA
"CSF_Biomarkers","2013_1024_1_C5940002269_ABE4869g_201603_0.wiff","IIASVPLAASPAR",2,"y9",1,NA,NA
"CSF_Biomarkers","2013_1024_10_C5940018327_ABE4869g_201704_69.wiff","ILGEELGFASLHDLQLLGK",3,"y13",2,NA,NA
"CSF_Biomarkers","2013_1024_10_C5940018327_ABE4869g_201704_69.wiff","ILGEELGFASLHDLQLLGK",3,"y14",2,NA,NA
"CSF_Biomarkers","2013_1024_10_C5940018327_ABE4869g_201704_69.wiff","ILGEELGFASLHDLQLLGK",3,"y17",2,NA,NA
"CSF_Biomarkers","2013_1024_10_C5940018327_ABE4869g_201704_69.wiff","ILGEELGFASLHDLQLLGK",3,"y18",2,NA,NA
"CSF_Biomarkers","2013_1024_11_C5940006164_ABE4869g_201707_0.wiff","ILGEELGFASLHDLQLLGK",3,"y13",2,NA,NA
"CSF_Biomarkers","2013_1024_11_C5940006164_ABE4869g_201707_0.wiff","ILGEELGFASLHDLQLLGK",3,"y14",2,NA,NA
"CSF_Biomarkers","2013_1024_11_C5940006164_ABE4869g_201707_0.wiff","ILGEELGFASLHDLQLLGK",3,"y17",2,NA,NA
"CSF_Biomarkers","2013_1024_11_C5940006164_ABE4869g_201707_0.wiff","ILGEELGFASLHDLQLLGK",3,"y18",2,NA,NA
"CSF_Biomarkers","2013_1024_12_C5940018371_ABE4869g_201707_69.wiff","ILGEELGFASLHDLQLLGK",3,"y13",2,NA,NA
"CSF_Biomarkers","2013_1024_12_C5940018371_ABE4869g_201707_69.wiff","ILGEELGFASLHDLQLLGK",3,"y14",2,NA,NA
"CSF_Biomarkers","2013_1024_12_C5940018371_ABE4869g_201707_69.wiff","ILGEELGFASLHDLQLLGK",3,"y17",2,NA,NA
"CSF_Biomarkers","2013_1024_12_C5940018371_ABE4869g_201707_69.wiff","ILGEELGFASLHDLQLLGK",3,"y18",2,NA,NA
"CSF_Biomarkers","2013_1024_1_C5940002269_ABE4869g_201603_0.wiff","ILGEELGFASLHDLQLLGK",3,"y13",2,NA,NA
"CSF_Biomarkers","2013_1024_1_C5940002269_ABE4869g_201603_0.wiff","ILGEELGFASLHDLQLLGK",3,"y14",2,NA,NA
"CSF_Biomarkers","2013_1024_1_C5940002269_ABE4869g_201603_0.wiff","ILGEELGFASLHDLQLLGK",3,"y17",2,NA,NA
"CSF_Biomarkers","2013_1024_1_C5940002269_ABE4869g_201603_0.wiff","ILGEELGFASLHDLQLLGK",3,"y18",2,NA,NA
"CSF_Biomarkers","2013_1024_10_C5940018327_ABE4869g_201704_69.wiff","LDTLAQEVALLK",2,"b3",1,NA,NA
"CSF_Biomarkers","2013_1024_10_C5940018327_ABE4869g_201704_69.wiff","LDTLAQEVALLK",2,"y6",1,NA,NA
"CSF_Biomarkers","2013_1024_10_C5940018327_ABE4869g_201704_69.wiff","LDTLAQEVALLK",2,"y7",1,NA,NA
"CSF_Biomarkers","2013_1024_10_C5940018327_ABE4869g_201704_69.wiff","LDTLAQEVALLK",2,"y8",1,NA,NA
"CSF_Biomarkers","2013_1024_11_C5940006164_ABE4869g_201707_0.wiff","LDTLAQEVALLK",2,"b3",1,NA,NA
"CSF_Biomarkers","2013_1024_11_C5940006164_ABE4869g_201707_0.wiff","LDTLAQEVALLK",2,"y6",1,NA,NA
"CSF_Biomarkers","2013_1024_11_C5940006164_ABE4869g_201707_0.wiff","LDTLAQEVALLK",2,"y7",1,NA,NA
"CSF_Biomarkers","2013_1024_11_C5940006164_ABE4869g_201707_0.wiff","LDTLAQEVALLK",2,"y8",1,NA,NA
"CSF_Biomarkers","2013_1024_12_C5940018371_ABE4869g_201707_69.wiff","LDTLAQEVALLK",2,"b3",1,NA,NA
"CSF_Biomarkers","2013_1024_12_C5940018371_ABE4869g_201707_69.wiff","LDTLAQEVALLK",2,"y6",1,NA,NA
"CSF_Biomarkers","2013_1024_12_C5940018371_ABE4869g_201707_69.wiff","LDTLAQEVALLK",2,"y7",1,NA,NA
"CSF_Biomarkers","2013_1024_12_C5940018371_ABE4869g_201707_69.wiff","LDTLAQEVALLK",2,"y8",1,NA,NA
"CSF_Biomarkers","2013_1024_1_C5940002269_ABE4869g_201603_0.wiff","LDTLAQEVALLK",2,"b3",1,NA,NA
"CSF_Biomarkers","2013_1024_1_C5940002269_ABE4869g_201603_0.wiff","LDTLAQEVALLK",2,"y6",1,NA,NA
"CSF_Biomarkers","2013_1024_1_C5940002269_ABE4869g_201603_0.wiff","LDTLAQEVALLK",2,"y7",1,NA,NA
"CSF_Biomarkers","2013_1024_1_C5940002269_ABE4869g_201603_0.wiff","LDTLAQEVALLK",2,"y8",1,NA,NA
"CSF_Biomarkers","2013_1024_10_C5940018327_ABE4869g_201704_69.wiff","LGADMEDVR",2,"y5",1,NA,NA
"CSF_Biomarkers","2013_1024_10_C5940018327_ABE4869g_201704_69.wiff","LGADMEDVR",2,"y6",1,NA,NA
"CSF_Biomarkers","2013_1024_10_C5940018327_ABE4869g_201704_69.wiff","LGADMEDVR",2,"y7",1,NA,NA
"CSF_Biomarkers","2013_1024_10_C5940018327_ABE4869g_201704_69.wiff","LGADMEDVR",2,"y8",1,NA,NA
"CSF_Biomarkers","2013_1024_11_C5940006164_ABE4869g_201707_0.wiff","LGADMEDVR",2,"y5",1,NA,NA
"CSF_Biomarkers","2013_1024_11_C5940006164_ABE4869g_201707_0.wiff","LGADMEDVR",2,"y6",1,NA,NA
"CSF_Biomarkers","2013_1024_11_C5940006164_ABE4869g_201707_0.wiff","LGADMEDVR",2,"y7",1,NA,NA
"CSF_Biomarkers","2013_1024_11_C5940006164_ABE4869g_201707_0.wiff","LGADMEDVR",2,"y8",1,NA,NA
"CSF_Biomarkers","2013_1024_12_C5940018371_ABE4869g_201707_69.wiff","LGADMEDVR",2,"y5",1,NA,NA
"CSF_Biomarkers","2013_1024_12_C5940018371_ABE4869g_201707_69.wiff","LGADMEDVR",2,"y6",1,NA,NA
"CSF_Biomarkers","2013_1024_12_C5940018371_ABE4869g_201707_69.wiff","LGADMEDVR",2,"y7",1,NA,NA
"CSF_Biomarkers","2013_1024_12_C5940018371_ABE4869g_201707_69.wiff","LGADMEDVR",2,"y8",1,NA,NA
"CSF_Biomarkers","2013_1024_1_C5940002269_ABE4869g_201603_0.wiff","LGADMEDVR",2,"y5",1,NA,NA
"CSF_Biomarkers","2013_1024_1_C5940002269_ABE4869g_201603_0.wiff","LGADMEDVR",2,"y6",1,NA,NA
"CSF_Biomarkers","2013_1024_1_C5940002269_ABE4869g_201603_0.wiff","LGADMEDVR",2,"y7",1,NA,NA
"CSF_Biomarkers","2013_1024_1_C5940002269_ABE4869g_201603_0.wiff","LGADMEDVR",2,"y8",1,NA,NA
"CSF_Biomarkers","2013_1024_10_C5940018327_ABE4869g_201704_69.wiff","LGPLVEQGR",2,"y4",1,NA,NA
"CSF_Biomarkers","2013_1024_10_C5940018327_ABE4869g_201704_69.wiff","LGPLVEQGR",2,"y5",1,NA,NA
"CSF_Biomarkers","2013_1024_10_C5940018327_ABE4869g_201704_69.wiff","LGPLVEQGR",2,"y6",1,NA,NA
"CSF_Biomarkers","2013_1024_10_C5940018327_ABE4869g_201704_69.wiff","LGPLVEQGR",2,"y7",2,NA,NA
"CSF_Biomarkers","2013_1024_11_C5940006164_ABE4869g_201707_0.wiff","LGPLVEQGR",2,"y4",1,NA,NA
"CSF_Biomarkers","2013_1024_11_C5940006164_ABE4869g_201707_0.wiff","LGPLVEQGR",2,"y5",1,NA,NA
"CSF_Biomarkers","2013_1024_11_C5940006164_ABE4869g_201707_0.wiff","LGPLVEQGR",2,"y6",1,NA,NA
"CSF_Biomarkers","2013_1024_11_C5940006164_ABE4869g_201707_0.wiff","LGPLVEQGR",2,"y7",2,NA,NA
"CSF_Biomarkers","2013_1024_12_C5940018371_ABE4869g_201707_69.wiff","LGPLVEQGR",2,"y4",1,NA,NA
"CSF_Biomarkers","2013_1024_12_C5940018371_ABE4869g_201707_69.wiff","LGPLVEQGR",2,"y5",1,NA,NA
"CSF_Biomarkers","2013_1024_12_C5940018371_ABE4869g_201707_69.wiff","LGPLVEQGR",2,"y6",1,NA,NA
"CSF_Biomarkers","2013_1024_12_C5940018371_ABE4869g_201707_69.wiff","LGPLVEQGR",2,"y7",2,NA,NA
"CSF_Biomarkers","2013_1024_1_C5940002269_ABE4869g_201603_0.wiff","LGPLVEQGR",2,"y4",1,NA,NA
"CSF_Biomarkers","2013_1024_1_C5940002269_ABE4869g_201603_0.wiff","LGPLVEQGR",2,"y5",1,NA,NA
"CSF_Biomarkers","2013_1024_1_C5940002269_ABE4869g_201603_0.wiff","LGPLVEQGR",2,"y6",1,NA,NA
"CSF_Biomarkers","2013_1024_1_C5940002269_ABE4869g_201603_0.wiff","LGPLVEQGR",2,"y7",2,NA,NA
"CSF_Biomarkers","2013_1024_10_C5940018327_ABE4869g_201704_69.wiff","LLGNVLVC[+57]VLAHHFGK",3,"y14",2,NA,NA
"CSF_Biomarkers","2013_1024_10_C5940018327_ABE4869g_201704_69.wiff","LLGNVLVC[+57]VLAHHFGK",3,"y15",2,NA,NA
"CSF_Biomarkers","2013_1024_10_C5940018327_ABE4869g_201704_69.wiff","LLGNVLVC[+57]VLAHHFGK",3,"y4",1,NA,NA
"CSF_Biomarkers","2013_1024_10_C5940018327_ABE4869g_201704_69.wiff","LLGNVLVC[+57]VLAHHFGK",3,"y7",1,NA,NA
"CSF_Biomarkers","2013_1024_11_C5940006164_ABE4869g_201707_0.wiff","LLGNVLVC[+57]VLAHHFGK",3,"y14",2,NA,NA
"CSF_Biomarkers","2013_1024_11_C5940006164_ABE4869g_201707_0.wiff","LLGNVLVC[+57]VLAHHFGK",3,"y15",2,NA,NA
"CSF_Biomarkers","2013_1024_11_C5940006164_ABE4869g_201707_0.wiff","LLGNVLVC[+57]VLAHHFGK",3,"y4",1,NA,NA
"CSF_Biomarkers","2013_1024_11_C5940006164_ABE4869g_201707_0.wiff","LLGNVLVC[+57]VLAHHFGK",3,"y7",1,NA,NA
"CSF_Biomarkers","2013_1024_12_C5940018371_ABE4869g_201707_69.wiff","LLGNVLVC[+57]VLAHHFGK",3,"y14",2,NA,NA
"CSF_Biomarkers","2013_1024_12_C5940018371_ABE4869g_201707_69.wiff","LLGNVLVC[+57]VLAHHFGK",3,"y15",2,NA,NA
"CSF_Biomarkers","2013_1024_12_C5940018371_ABE4869g_201707_69.wiff","LLGNVLVC[+57]VLAHHFGK",3,"y4",1,NA,NA
"CSF_Biomarkers","2013_1024_12_C5940018371_ABE4869g_201707_69.wiff","LLGNVLVC[+57]VLAHHFGK",3,"y7",1,NA,NA
"CSF_Biomarkers","2013_1024_1_C5940002269_ABE4869g_201603_0.wiff","LLGNVLVC[+57]VLAHHFGK",3,"y14",2,NA,NA
"CSF_Biomarkers","2013_1024_1_C5940002269_ABE4869g_201603_0.wiff","LLGNVLVC[+57]VLAHHFGK",3,"y15",2,NA,NA
"CSF_Biomarkers","2013_1024_1_C5940002269_ABE4869g_201603_0.wiff","LLGNVLVC[+57]VLAHHFGK",3,"y4",1,NA,NA
"CSF_Biomarkers","2013_1024_1_C5940002269_ABE4869g_201603_0.wiff","LLGNVLVC[+57]VLAHHFGK",3,"y7",1,NA,NA
"CSF_Biomarkers","2013_1024_10_C5940018327_ABE4869g_201704_69.wiff","LVFFAEDVGSNK",2,"y10",1,NA,NA
"CSF_Biomarkers","2013_1024_10_C5940018327_ABE4869g_201704_69.wiff","LVFFAEDVGSNK",2,"y7",1,NA,NA
"CSF_Biomarkers","2013_1024_10_C5940018327_ABE4869g_201704_69.wiff","LVFFAEDVGSNK",2,"y8",1,NA,NA
"CSF_Biomarkers","2013_1024_10_C5940018327_ABE4869g_201704_69.wiff","LVFFAEDVGSNK",2,"y9",1,NA,NA
"CSF_Biomarkers","2013_1024_11_C5940006164_ABE4869g_201707_0.wiff","LVFFAEDVGSNK",2,"y10",1,NA,NA
"CSF_Biomarkers","2013_1024_11_C5940006164_ABE4869g_201707_0.wiff","LVFFAEDVGSNK",2,"y7",1,NA,NA
"CSF_Biomarkers","2013_1024_11_C5940006164_ABE4869g_201707_0.wiff","LVFFAEDVGSNK",2,"y8",1,NA,NA
"CSF_Biomarkers","2013_1024_11_C5940006164_ABE4869g_201707_0.wiff","LVFFAEDVGSNK",2,"y9",1,NA,NA
"CSF_Biomarkers","2013_1024_12_C5940018371_ABE4869g_201707_69.wiff","LVFFAEDVGSNK",2,"y10",1,NA,NA
"CSF_Biomarkers","2013_1024_12_C5940018371_ABE4869g_201707_69.wiff","LVFFAEDVGSNK",2,"y7",1,NA,NA
"CSF_Biomarkers","2013_1024_12_C5940018371_ABE4869g_201707_69.wiff","LVFFAEDVGSNK",2,"y8",1,NA,NA
"CSF_Biomarkers","2013_1024_12_C5940018371_ABE4869g_201707_69.wiff","LVFFAEDVGSNK",2,"y9",1,NA,NA
"CSF_Biomarkers","2013_1024_1_C5940002269_ABE4869g_201603_0.wiff","LVFFAEDVGSNK",2,"y10",1,NA,NA
"CSF_Biomarkers","2013_1024_1_C5940002269_ABE4869g_201603_0.wiff","LVFFAEDVGSNK",2,"y7",1,NA,NA
"CSF_Biomarkers","2013_1024_1_C5940002269_ABE4869g_201603_0.wiff","LVFFAEDVGSNK",2,"y8",1,NA,NA
"CSF_Biomarkers","2013_1024_1_C5940002269_ABE4869g_201603_0.wiff","LVFFAEDVGSNK",2,"y9",1,NA,NA
"CSF_Biomarkers","2013_1024_10_C5940018327_ABE4869g_201704_69.wiff","LVGGPMDASVEEEGVR",2,"y10",1,NA,NA
"CSF_Biomarkers","2013_1024_10_C5940018327_ABE4869g_201704_69.wiff","LVGGPMDASVEEEGVR",2,"y12",2,NA,NA
"CSF_Biomarkers","2013_1024_10_C5940018327_ABE4869g_201704_69.wiff","LVGGPMDASVEEEGVR",2,"y8",1,NA,NA
"CSF_Biomarkers","2013_1024_10_C5940018327_ABE4869g_201704_69.wiff","LVGGPMDASVEEEGVR",2,"y9",1,NA,NA
"CSF_Biomarkers","2013_1024_11_C5940006164_ABE4869g_201707_0.wiff","LVGGPMDASVEEEGVR",2,"y10",1,NA,NA
"CSF_Biomarkers","2013_1024_11_C5940006164_ABE4869g_201707_0.wiff","LVGGPMDASVEEEGVR",2,"y12",2,NA,NA
"CSF_Biomarkers","2013_1024_11_C5940006164_ABE4869g_201707_0.wiff","LVGGPMDASVEEEGVR",2,"y8",1,NA,NA
"CSF_Biomarkers","2013_1024_11_C5940006164_ABE4869g_201707_0.wiff","LVGGPMDASVEEEGVR",2,"y9",1,NA,NA
"CSF_Biomarkers","2013_1024_12_C5940018371_ABE4869g_201707_69.wiff","LVGGPMDASVEEEGVR",2,"y10",1,NA,NA
"CSF_Biomarkers","2013_1024_12_C5940018371_ABE4869g_201707_69.wiff","LVGGPMDASVEEEGVR",2,"y12",2,NA,NA
"CSF_Biomarkers","2013_1024_12_C5940018371_ABE4869g_201707_69.wiff","LVGGPMDASVEEEGVR",2,"y8",1,NA,NA
"CSF_Biomarkers","2013_1024_12_C5940018371_ABE4869g_201707_69.wiff","LVGGPMDASVEEEGVR",2,"y9",1,NA,NA
"CSF_Biomarkers","2013_1024_1_C5940002269_ABE4869g_201603_0.wiff","LVGGPMDASVEEEGVR",2,"y10",1,NA,NA
"CSF_Biomarkers","2013_1024_1_C5940002269_ABE4869g_201603_0.wiff","LVGGPMDASVEEEGVR",2,"y12",2,NA,NA
"CSF_Biomarkers","2013_1024_1_C5940002269_ABE4869g_201603_0.wiff","LVGGPMDASVEEEGVR",2,"y8",1,NA,NA
"CSF_Biomarkers","2013_1024_1_C5940002269_ABE4869g_201603_0.wiff","LVGGPMDASVEEEGVR",2,"y9",1,NA,NA
"CSF_Biomarkers","2013_1024_10_C5940018327_ABE4869g_201704_69.wiff","SGELEQEEER",2,"y4",1,NA,NA
"CSF_Biomarkers","2013_1024_10_C5940018327_ABE4869g_201704_69.wiff","SGELEQEEER",2,"y5",1,NA,NA
"CSF_Biomarkers","2013_1024_10_C5940018327_ABE4869g_201704_69.wiff","SGELEQEEER",2,"y6",1,NA,NA
"CSF_Biomarkers","2013_1024_10_C5940018327_ABE4869g_201704_69.wiff","SGELEQEEER",2,"y7",1,NA,NA
"CSF_Biomarkers","2013_1024_11_C5940006164_ABE4869g_201707_0.wiff","SGELEQEEER",2,"y4",1,NA,NA
"CSF_Biomarkers","2013_1024_11_C5940006164_ABE4869g_201707_0.wiff","SGELEQEEER",2,"y5",1,NA,NA
"CSF_Biomarkers","2013_1024_11_C5940006164_ABE4869g_201707_0.wiff","SGELEQEEER",2,"y6",1,NA,NA
"CSF_Biomarkers","2013_1024_11_C5940006164_ABE4869g_201707_0.wiff","SGELEQEEER",2,"y7",1,NA,NA
"CSF_Biomarkers","2013_1024_12_C5940018371_ABE4869g_201707_69.wiff","SGELEQEEER",2,"y4",1,NA,NA
"CSF_Biomarkers","2013_1024_12_C5940018371_ABE4869g_201707_69.wiff","SGELEQEEER",2,"y5",1,NA,NA
"CSF_Biomarkers","2013_1024_12_C5940018371_ABE4869g_201707_69.wiff","SGELEQEEER",2,"y6",1,NA,NA
"CSF_Biomarkers","2013_1024_12_C5940018371_ABE4869g_201707_69.wiff","SGELEQEEER",2,"y7",1,NA,NA
"CSF_Biomarkers","2013_1024_1_C5940002269_ABE4869g_201603_0.wiff","SGELEQEEER",2,"y4",1,NA,NA
"CSF_Biomarkers","2013_1024_1_C5940002269_ABE4869g_201603_0.wiff","SGELEQEEER",2,"y5",1,NA,NA
"CSF_Biomarkers","2013_1024_1_C5940002269_ABE4869g_201603_0.wiff","SGELEQEEER",2,"y6",1,NA,NA
"CSF_Biomarkers","2013_1024_1_C5940002269_ABE4869g_201603_0.wiff","SGELEQEEER",2,"y7",1,NA,NA
"CSF_Biomarkers","2013_1024_10_C5940018327_ABE4869g_201704_69.wiff","TYFPHFDLSHGSAQVK",2,"y10",1,NA,NA
"CSF_Biomarkers","2013_1024_10_C5940018327_ABE4869g_201704_69.wiff","TYFPHFDLSHGSAQVK",2,"y6",1,NA,NA
"CSF_Biomarkers","2013_1024_10_C5940018327_ABE4869g_201704_69.wiff","TYFPHFDLSHGSAQVK",2,"y7",1,NA,NA
"CSF_Biomarkers","2013_1024_10_C5940018327_ABE4869g_201704_69.wiff","TYFPHFDLSHGSAQVK",2,"y8",1,NA,NA
"CSF_Biomarkers","2013_1024_11_C5940006164_ABE4869g_201707_0.wiff","TYFPHFDLSHGSAQVK",2,"y10",1,NA,NA
"CSF_Biomarkers","2013_1024_11_C5940006164_ABE4869g_201707_0.wiff","TYFPHFDLSHGSAQVK",2,"y6",1,NA,NA
"CSF_Biomarkers","2013_1024_11_C5940006164_ABE4869g_201707_0.wiff","TYFPHFDLSHGSAQVK",2,"y7",1,NA,NA
"CSF_Biomarkers","2013_1024_11_C5940006164_ABE4869g_201707_0.wiff","TYFPHFDLSHGSAQVK",2,"y8",1,NA,NA
"CSF_Biomarkers","2013_1024_12_C5940018371_ABE4869g_201707_69.wiff","TYFPHFDLSHGSAQVK",2,"y10",1,NA,NA
"CSF_Biomarkers","2013_1024_12_C5940018371_ABE4869g_201707_69.wiff","TYFPHFDLSHGSAQVK",2,"y6",1,NA,NA
"CSF_Biomarkers","2013_1024_12_C5940018371_ABE4869g_201707_69.wiff","TYFPHFDLSHGSAQVK",2,"y7",1,NA,NA
"CSF_Biomarkers","2013_1024_12_C5940018371_ABE4869g_201707_69.wiff","TYFPHFDLSHGSAQVK",2,"y8",1,NA,NA
"CSF_Biomarkers","2013_1024_1_C5940002269_ABE4869g_201603_0.wiff","TYFPHFDLSHGSAQVK",2,"y10",1,NA,NA
"CSF_Biomarkers","2013_1024_1_C5940002269_ABE4869g_201603_0.wiff","TYFPHFDLSHGSAQVK",2,"y6",1,NA,NA
"CSF_Biomarkers","2013_1024_1_C5940002269_ABE4869g_201603_0.wiff","TYFPHFDLSHGSAQVK",2,"y7",1,NA,NA
"CSF_Biomarkers","2013_1024_1_C5940002269_ABE4869g_201603_0.wiff","TYFPHFDLSHGSAQVK",2,"y8",1,NA,NA
"CSF_Biomarkers","2013_1024_10_C5940018327_ABE4869g_201704_69.wiff","VEHSDLSFSK",2,"b3",1,NA,NA
"CSF_Biomarkers","2013_1024_10_C5940018327_ABE4869g_201704_69.wiff","VEHSDLSFSK",2,"y6",1,NA,NA
"CSF_Biomarkers","2013_1024_10_C5940018327_ABE4869g_201704_69.wiff","VEHSDLSFSK",2,"y7",1,NA,NA
"CSF_Biomarkers","2013_1024_10_C5940018327_ABE4869g_201704_69.wiff","VEHSDLSFSK",2,"y8",2,NA,NA
"CSF_Biomarkers","2013_1024_11_C5940006164_ABE4869g_201707_0.wiff","VEHSDLSFSK",2,"b3",1,NA,NA
"CSF_Biomarkers","2013_1024_11_C5940006164_ABE4869g_201707_0.wiff","VEHSDLSFSK",2,"y6",1,NA,NA
"CSF_Biomarkers","2013_1024_11_C5940006164_ABE4869g_201707_0.wiff","VEHSDLSFSK",2,"y7",1,NA,NA
"CSF_Biomarkers","2013_1024_11_C5940006164_ABE4869g_201707_0.wiff","VEHSDLSFSK",2,"y8",2,NA,NA
"CSF_Biomarkers","2013_1024_12_C5940018371_ABE4869g_201707_69.wiff","VEHSDLSFSK",2,"b3",1,NA,NA
"CSF_Biomarkers","2013_1024_12_C5940018371_ABE4869g_201707_69.wiff","VEHSDLSFSK",2,"y6",1,NA,NA
"CSF_Biomarkers","2013_1024_12_C5940018371_ABE4869g_201707_69.wiff","VEHSDLSFSK",2,"y7",1,NA,NA
"CSF_Biomarkers","2013_1024_12_C5940018371_ABE4869g_201707_69.wiff","VEHSDLSFSK",2,"y8",2,NA,NA
"CSF_Biomarkers","2013_1024_1_C5940002269_ABE4869g_201603_0.wiff","VEHSDLSFSK",2,"b3",1,NA,NA
"CSF_Biomarkers","2013_1024_1_C5940002269_ABE4869g_201603_0.wiff","VEHSDLSFSK",2,"y6",1,NA,NA
"CSF_Biomarkers","2013_1024_1_C5940002269_ABE4869g_201603_0.wiff","VEHSDLSFSK",2,"y7",1,NA,NA
"CSF_Biomarkers","2013_1024_1_C5940002269_ABE4869g_201603_0.wiff","VEHSDLSFSK",2,"y8",2,NA,NA
"CSF_Biomarkers","2013_1024_10_C5940018327_ABE4869g_201704_69.wiff","VFSNGADLSGVTEEAPLK",2,"y10",1,NA,NA
"CSF_Biomarkers","2013_1024_10_C5940018327_ABE4869g_201704_69.wiff","VFSNGADLSGVTEEAPLK",2,"y3",1,NA,NA
"CSF_Biomarkers","2013_1024_10_C5940018327_ABE4869g_201704_69.wiff","VFSNGADLSGVTEEAPLK",2,"y7",1,NA,NA
"CSF_Biomarkers","2013_1024_10_C5940018327_ABE4869g_201704_69.wiff","VFSNGADLSGVTEEAPLK",2,"y9",1,NA,NA
"CSF_Biomarkers","2013_1024_11_C5940006164_ABE4869g_201707_0.wiff","VFSNGADLSGVTEEAPLK",2,"y10",1,NA,NA
"CSF_Biomarkers","2013_1024_11_C5940006164_ABE4869g_201707_0.wiff","VFSNGADLSGVTEEAPLK",2,"y3",1,NA,NA
"CSF_Biomarkers","2013_1024_11_C5940006164_ABE4869g_201707_0.wiff","VFSNGADLSGVTEEAPLK",2,"y7",1,NA,NA
"CSF_Biomarkers","2013_1024_11_C5940006164_ABE4869g_201707_0.wiff","VFSNGADLSGVTEEAPLK",2,"y9",1,NA,NA
"CSF_Biomarkers","2013_1024_12_C5940018371_ABE4869g_201707_69.wiff","VFSNGADLSGVTEEAPLK",2,"y10",1,NA,NA
"CSF_Biomarkers","2013_1024_12_C5940018371_ABE4869g_201707_69.wiff","VFSNGADLSGVTEEAPLK",2,"y3",1,NA,NA
"CSF_Biomarkers","2013_1024_12_C5940018371_ABE4869g_201707_69.wiff","VFSNGADLSGVTEEAPLK",2,"y7",1,NA,NA
"CSF_Biomarkers","2013_1024_12_C5940018371_ABE4869g_201707_69.wiff","VFSNGADLSGVTEEAPLK",2,"y9",1,NA,NA
"CSF_Biomarkers","2013_1024_1_C5940002269_ABE4869g_201603_0.wiff","VFSNGADLSGVTEEAPLK",2,"y10",1,NA,NA
"CSF_Biomarkers","2013_1024_1_C5940002269_ABE4869g_201603_0.wiff","VFSNGADLSGVTEEAPLK",2,"y3",1,NA,NA
"CSF_Biomarkers","2013_1024_1_C5940002269_ABE4869g_201603_0.wiff","VFSNGADLSGVTEEAPLK",2,"y7",1,NA,NA
"CSF_Biomarkers","2013_1024_1_C5940002269_ABE4869g_201603_0.wiff","VFSNGADLSGVTEEAPLK",2,"y9",1,NA,NA
"CSF_Biomarkers","2013_1024_10_C5940018327_ABE4869g_201704_69.wiff","VIPAC[+57]LPSPNYVVADR",2,"b5",1,NA,NA
"CSF_Biomarkers","2013_1024_10_C5940018327_ABE4869g_201704_69.wiff","VIPAC[+57]LPSPNYVVADR",2,"b6",1,NA,NA
"CSF_Biomarkers","2013_1024_10_C5940018327_ABE4869g_201704_69.wiff","VIPAC[+57]LPSPNYVVADR",2,"y10",1,NA,NA
"CSF_Biomarkers","2013_1024_10_C5940018327_ABE4869g_201704_69.wiff","VIPAC[+57]LPSPNYVVADR",2,"y14",2,NA,NA
"CSF_Biomarkers","2013_1024_11_C5940006164_ABE4869g_201707_0.wiff","VIPAC[+57]LPSPNYVVADR",2,"b5",1,NA,NA
"CSF_Biomarkers","2013_1024_11_C5940006164_ABE4869g_201707_0.wiff","VIPAC[+57]LPSPNYVVADR",2,"b6",1,NA,NA
"CSF_Biomarkers","2013_1024_11_C5940006164_ABE4869g_201707_0.wiff","VIPAC[+57]LPSPNYVVADR",2,"y10",1,NA,NA
"CSF_Biomarkers","2013_1024_11_C5940006164_ABE4869g_201707_0.wiff","VIPAC[+57]LPSPNYVVADR",2,"y14",2,NA,NA
"CSF_Biomarkers","2013_1024_12_C5940018371_ABE4869g_201707_69.wiff","VIPAC[+57]LPSPNYVVADR",2,"b5",1,NA,NA
"CSF_Biomarkers","2013_1024_12_C5940018371_ABE4869g_201707_69.wiff","VIPAC[+57]LPSPNYVVADR",2,"b6",1,NA,NA
"CSF_Biomarkers","2013_1024_12_C5940018371_ABE4869g_201707_69.wiff","VIPAC[+57]LPSPNYVVADR",2,"y10",1,NA,NA
"CSF_Biomarkers","2013_1024_12_C5940018371_ABE4869g_201707_69.wiff","VIPAC[+57]LPSPNYVVADR",2,"y14",2,NA,NA
"CSF_Biomarkers","2013_1024_1_C5940002269_ABE4869g_201603_0.wiff","VIPAC[+57]LPSPNYVVADR",2,"b5",1,NA,NA
"CSF_Biomarkers","2013_1024_1_C5940002269_ABE4869g_201603_0.wiff","VIPAC[+57]LPSPNYVVADR",2,"b6",1,NA,NA
"CSF_Biomarkers","2013_1024_1_C5940002269_ABE4869g_201603_0.wiff","VIPAC[+57]LPSPNYVVADR",2,"y10",1,NA,NA
"CSF_Biomarkers","2013_1024_1_C5940002269_ABE4869g_201603_0.wiff","VIPAC[+57]LPSPNYVVADR",2,"y14",2,NA,NA
"CSF_Biomarkers","2013_1024_10_C5940018327_ABE4869g_201704_69.wiff","VLSLAQEQVGGSPEK",2,"y13",2,NA,NA
"CSF_Biomarkers","2013_1024_10_C5940018327_ABE4869g_201704_69.wiff","VLSLAQEQVGGSPEK",2,"y3",1,NA,NA
"CSF_Biomarkers","2013_1024_10_C5940018327_ABE4869g_201704_69.wiff","VLSLAQEQVGGSPEK",2,"y6",1,NA,NA
"CSF_Biomarkers","2013_1024_10_C5940018327_ABE4869g_201704_69.wiff","VLSLAQEQVGGSPEK",2,"y9",1,NA,NA
"CSF_Biomarkers","2013_1024_11_C5940006164_ABE4869g_201707_0.wiff","VLSLAQEQVGGSPEK",2,"y13",2,NA,NA
"CSF_Biomarkers","2013_1024_11_C5940006164_ABE4869g_201707_0.wiff","VLSLAQEQVGGSPEK",2,"y3",1,NA,NA
"CSF_Biomarkers","2013_1024_11_C5940006164_ABE4869g_201707_0.wiff","VLSLAQEQVGGSPEK",2,"y6",1,NA,NA
"CSF_Biomarkers","2013_1024_11_C5940006164_ABE4869g_201707_0.wiff","VLSLAQEQVGGSPEK",2,"y9",1,NA,NA
"CSF_Biomarkers","2013_1024_12_C5940018371_ABE4869g_201707_69.wiff","VLSLAQEQVGGSPEK",2,"y13",2,NA,NA
"CSF_Biomarkers","2013_1024_12_C5940018371_ABE4869g_201707_69.wiff","VLSLAQEQVGGSPEK",2,"y3",1,NA,NA
"CSF_Biomarkers","2013_1024_12_C5940018371_ABE4869g_201707_69.wiff","VLSLAQEQVGGSPEK",2,"y6",1,NA,NA
"CSF_Biomarkers","2013_1024_12_C5940018371_ABE4869g_201707_69.wiff","VLSLAQEQVGGSPEK",2,"y9",1,NA,NA
"CSF_Biomarkers","2013_1024_1_C5940002269_ABE4869g_201603_0.wiff","VLSLAQEQVGGSPEK",2,"y13",2,NA,NA
"CSF_Biomarkers","2013_1024_1_C5940002269_ABE4869g_201603_0.wiff","VLSLAQEQVGGSPEK",2,"y3",1,NA,NA
"CSF_Biomarkers","2013_1024_1_C5940002269_ABE4869g_201603_0.wiff","VLSLAQEQVGGSPEK",2,"y6",1,NA,NA
"CSF_Biomarkers","2013_1024_1_C5940002269_ABE4869g_201603_0.wiff","VLSLAQEQVGGSPEK",2,"y9",1,NA,NA
"CSF_Biomarkers","2013_1024_10_C5940018327_ABE4869g_201704_69.wiff","VPQVSTPTLVEVSR",2,"y10",1,NA,NA
"CSF_Biomarkers","2013_1024_10_C5940018327_ABE4869g_201704_69.wiff","VPQVSTPTLVEVSR",2,"y13",2,NA,NA
"CSF_Biomarkers","2013_1024_10_C5940018327_ABE4869g_201704_69.wiff","VPQVSTPTLVEVSR",2,"y8",1,NA,NA
"CSF_Biomarkers","2013_1024_10_C5940018327_ABE4869g_201704_69.wiff","VPQVSTPTLVEVSR",2,"y9",1,NA,NA
"CSF_Biomarkers","2013_1024_11_C5940006164_ABE4869g_201707_0.wiff","VPQVSTPTLVEVSR",2,"y10",1,NA,NA
"CSF_Biomarkers","2013_1024_11_C5940006164_ABE4869g_201707_0.wiff","VPQVSTPTLVEVSR",2,"y13",2,NA,NA
"CSF_Biomarkers","2013_1024_11_C5940006164_ABE4869g_201707_0.wiff","VPQVSTPTLVEVSR",2,"y8",1,NA,NA
"CSF_Biomarkers","2013_1024_11_C5940006164_ABE4869g_201707_0.wiff","VPQVSTPTLVEVSR",2,"y9",1,NA,NA
"CSF_Biomarkers","2013_1024_12_C5940018371_ABE4869g_201707_69.wiff","VPQVSTPTLVEVSR",2,"y10",1,NA,NA
"CSF_Biomarkers","2013_1024_12_C5940018371_ABE4869g_201707_69.wiff","VPQVSTPTLVEVSR",2,"y13",2,NA,NA
"CSF_Biomarkers","2013_1024_12_C5940018371_ABE4869g_201707_69.wiff","VPQVSTPTLVEVSR",2,"y8",1,NA,NA
"CSF_Biomarkers","2013_1024_12_C5940018371_ABE4869g_201707_69.wiff","VPQVSTPTLVEVSR",2,"y9",1,NA,NA
"CSF_Biomarkers","2013_1024_1_C5940002269_ABE4869g_201603_0.wiff","VPQVSTPTLVEVSR",2,"y10",1,NA,NA
"CSF_Biomarkers","2013_1024_1_C5940002269_ABE4869g_201603_0.wiff","VPQVSTPTLVEVSR",2,"y13",2,NA,NA
"CSF_Biomarkers","2013_1024_1_C5940002269_ABE4869g_201603_0.wiff","VPQVSTPTLVEVSR",2,"y8",1,NA,NA
"CSF_Biomarkers","2013_1024_1_C5940002269_ABE4869g_201603_0.wiff","VPQVSTPTLVEVSR",2,"y9",1,NA,NA
"CSF_Biomarkers","2013_1024_10_C5940018327_ABE4869g_201704_69.wiff","VQAAVGTSAAPVPSDNH",2,"b12",1,NA,NA
"CSF_Biomarkers","2013_1024_10_C5940018327_ABE4869g_201704_69.wiff","VQAAVGTSAAPVPSDNH",2,"y5",1,NA,NA
"CSF_Biomarkers","2013_1024_10_C5940018327_ABE4869g_201704_69.wiff","VQAAVGTSAAPVPSDNH",2,"y7",1,NA,NA
"CSF_Biomarkers","2013_1024_10_C5940018327_ABE4869g_201704_69.wiff","VQAAVGTSAAPVPSDNH",2,"y8",1,NA,NA
"CSF_Biomarkers","2013_1024_11_C5940006164_ABE4869g_201707_0.wiff","VQAAVGTSAAPVPSDNH",2,"b12",1,NA,NA
"CSF_Biomarkers","2013_1024_11_C5940006164_ABE4869g_201707_0.wiff","VQAAVGTSAAPVPSDNH",2,"y5",1,NA,NA
"CSF_Biomarkers","2013_1024_11_C5940006164_ABE4869g_201707_0.wiff","VQAAVGTSAAPVPSDNH",2,"y7",1,NA,NA
"CSF_Biomarkers","2013_1024_11_C5940006164_ABE4869g_201707_0.wiff","VQAAVGTSAAPVPSDNH",2,"y8",1,NA,NA
"CSF_Biomarkers","2013_1024_12_C5940018371_ABE4869g_201707_69.wiff","VQAAVGTSAAPVPSDNH",2,"b12",1,NA,NA
"CSF_Biomarkers","2013_1024_12_C5940018371_ABE4869g_201707_69.wiff","VQAAVGTSAAPVPSDNH",2,"y5",1,NA,NA
"CSF_Biomarkers","2013_1024_12_C5940018371_ABE4869g_201707_69.wiff","VQAAVGTSAAPVPSDNH",2,"y7",1,NA,NA
"CSF_Biomarkers","2013_1024_12_C5940018371_ABE4869g_201707_69.wiff","VQAAVGTSAAPVPSDNH",2,"y8",1,NA,NA
"CSF_Biomarkers","2013_1024_1_C5940002269_ABE4869g_201603_0.wiff","VQAAVGTSAAPVPSDNH",2,"b12",1,NA,NA
"CSF_Biomarkers","2013_1024_1_C5940002269_ABE4869g_201603_0.wiff","VQAAVGTSAAPVPSDNH",2,"y5",1,NA,NA
"CSF_Biomarkers","2013_1024_1_C5940002269_ABE4869g_201603_0.wiff","VQAAVGTSAAPVPSDNH",2,"y7",1,NA,NA
"CSF_Biomarkers","2013_1024_1_C5940002269_ABE4869g_201603_0.wiff","VQAAVGTSAAPVPSDNH",2,"y8",1,NA,NA
"CSF_Biomarkers","2013_1024_10_C5940018327_ABE4869g_201704_69.wiff","VVEQMC[+57]ITQYER",2,"y6",1,NA,NA
"CSF_Biomarkers","2013_1024_10_C5940018327_ABE4869g_201704_69.wiff","VVEQMC[+57]ITQYER",2,"y7",1,NA,NA
"CSF_Biomarkers","2013_1024_10_C5940018327_ABE4869g_201704_69.wiff","VVEQMC[+57]ITQYER",2,"y8",1,NA,NA
"CSF_Biomarkers","2013_1024_10_C5940018327_ABE4869g_201704_69.wiff","VVEQMC[+57]ITQYER",2,"y9",1,NA,NA
"CSF_Biomarkers","2013_1024_11_C5940006164_ABE4869g_201707_0.wiff","VVEQMC[+57]ITQYER",2,"y6",1,NA,NA
"CSF_Biomarkers","2013_1024_11_C5940006164_ABE4869g_201707_0.wiff","VVEQMC[+57]ITQYER",2,"y7",1,NA,NA
"CSF_Biomarkers","2013_1024_11_C5940006164_ABE4869g_201707_0.wiff","VVEQMC[+57]ITQYER",2,"y8",1,NA,NA
"CSF_Biomarkers","2013_1024_11_C5940006164_ABE4869g_201707_0.wiff","VVEQMC[+57]ITQYER",2,"y9",1,NA,NA
"CSF_Biomarkers","2013_1024_12_C5940018371_ABE4869g_201707_69.wiff","VVEQMC[+57]ITQYER",2,"y6",1,NA,NA
"CSF_Biomarkers","2013_1024_12_C5940018371_ABE4869g_201707_69.wiff","VVEQMC[+57]ITQYER",2,"y7",1,NA,NA
"CSF_Biomarkers","2013_1024_12_C5940018371_ABE4869g_201707_69.wiff","VVEQMC[+57]ITQYER",2,"y8",1,NA,NA
"CSF_Biomarkers","2013_1024_12_C5940018371_ABE4869g_201707_69.wiff","VVEQMC[+57]ITQYER",2,"y9",1,NA,NA
"CSF_Biomarkers","2013_1024_1_C5940002269_ABE4869g_201603_0.wiff","VVEQMC[+57]ITQYER",2,"y6",1,NA,NA
"CSF_Biomarkers","2013_1024_1_C5940002269_ABE4869g_201603_0.wiff","VVEQMC[+57]ITQYER",2,"y7",1,NA,NA
"CSF_Biomarkers","2013_1024_1_C5940002269_ABE4869g_201603_0.wiff","VVEQMC[+57]ITQYER",2,"y8",1,NA,NA
"CSF_Biomarkers","2013_1024_1_C5940002269_ABE4869g_201603_0.wiff","VVEQMC[+57]ITQYER",2,"y9",1,NA,NA
"CSF_Biomarkers","2013_1024_10_C5940018327_ABE4869g_201704_69.wiff","WLLNEFPNFIPTDGR",2,"y10",1,NA,NA
"CSF_Biomarkers","2013_1024_10_C5940018327_ABE4869g_201704_69.wiff","WLLNEFPNFIPTDGR",2,"y5",1,NA,NA
"CSF_Biomarkers","2013_1024_10_C5940018327_ABE4869g_201704_69.wiff","WLLNEFPNFIPTDGR",2,"y6",1,NA,NA
"CSF_Biomarkers","2013_1024_10_C5940018327_ABE4869g_201704_69.wiff","WLLNEFPNFIPTDGR",2,"y9",1,NA,NA
"CSF_Biomarkers","2013_1024_11_C5940006164_ABE4869g_201707_0.wiff","WLLNEFPNFIPTDGR",2,"y10",1,NA,NA
"CSF_Biomarkers","2013_1024_11_C5940006164_ABE4869g_201707_0.wiff","WLLNEFPNFIPTDGR",2,"y5",1,NA,NA
"CSF_Biomarkers","2013_1024_11_C5940006164_ABE4869g_201707_0.wiff","WLLNEFPNFIPTDGR",2,"y6",1,NA,NA
"CSF_Biomarkers","2013_1024_11_C5940006164_ABE4869g_201707_0.wiff","WLLNEFPNFIPTDGR",2,"y9",1,NA,NA
"CSF_Biomarkers","2013_1024_12_C5940018371_ABE4869g_201707_69.wiff","WLLNEFPNFIPTDGR",2,"y10",1,NA,NA
"CSF_Biomarkers","2013_1024_12_C5940018371_ABE4869g_201707_69.wiff","WLLNEFPNFIPTDGR",2,"y5",1,NA,NA
"CSF_Biomarkers","2013_1024_12_C5940018371_ABE4869g_201707_69.wiff","WLLNEFPNFIPTDGR",2,"y6",1,NA,NA
"CSF_Biomarkers","2013_1024_12_C5940018371_ABE4869g_201707_69.wiff","WLLNEFPNFIPTDGR",2,"y9",1,NA,NA
"CSF_Biomarkers","2013_1024_1_C5940002269_ABE4869g_201603_0.wiff","WLLNEFPNFIPTDGR",2,"y10",1,NA,NA
"CSF_Biomarkers","2013_1024_1_C5940002269_ABE4869g_201603_0.wiff","WLLNEFPNFIPTDGR",2,"y5",1,NA,NA
"CSF_Biomarkers","2013_1024_1_C5940002269_ABE4869g_201603_0.wiff","WLLNEFPNFIPTDGR",2,"y6",1,NA,NA
"CSF_Biomarkers","2013_1024_1_C5940002269_ABE4869g_201603_0.wiff","WLLNEFPNFIPTDGR",2,"y9",1,NA,NA
"CSF_Biomarkers","2013_1024_10_C5940018327_ABE4869g_201704_69.wiff","WLLNEFPVFITMDK",2,"y4",1,NA,NA
"CSF_Biomarkers","2013_1024_10_C5940018327_ABE4869g_201704_69.wiff","WLLNEFPVFITMDK",2,"y6",1,NA,NA
"CSF_Biomarkers","2013_1024_10_C5940018327_ABE4869g_201704_69.wiff","WLLNEFPVFITMDK",2,"y8",1,NA,NA
"CSF_Biomarkers","2013_1024_10_C5940018327_ABE4869g_201704_69.wiff","WLLNEFPVFITMDK",2,"y9",1,NA,NA
"CSF_Biomarkers","2013_1024_11_C5940006164_ABE4869g_201707_0.wiff","WLLNEFPVFITMDK",2,"y4",1,NA,NA
"CSF_Biomarkers","2013_1024_11_C5940006164_ABE4869g_201707_0.wiff","WLLNEFPVFITMDK",2,"y6",1,NA,NA
"CSF_Biomarkers","2013_1024_11_C5940006164_ABE4869g_201707_0.wiff","WLLNEFPVFITMDK",2,"y8",1,NA,NA
"CSF_Biomarkers","2013_1024_11_C5940006164_ABE4869g_201707_0.wiff","WLLNEFPVFITMDK",2,"y9",1,NA,NA
"CSF_Biomarkers","2013_1024_12_C5940018371_ABE4869g_201707_69.wiff","WLLNEFPVFITMDK",2,"y4",1,NA,NA
"CSF_Biomarkers","2013_1024_12_C5940018371_ABE4869g_201707_69.wiff","WLLNEFPVFITMDK",2,"y6",1,NA,NA
"CSF_Biomarkers","2013_1024_12_C5940018371_ABE4869g_201707_69.wiff","WLLNEFPVFITMDK",2,"y8",1,NA,NA
"CSF_Biomarkers","2013_1024_12_C5940018371_ABE4869g_201707_69.wiff","WLLNEFPVFITMDK",2,"y9",1,NA,NA
"CSF_Biomarkers","2013_1024_1_C5940002269_ABE4869g_201603_0.wiff","WLLNEFPVFITMDK",2,"y4",1,NA,NA
"CSF_Biomarkers","2013_1024_1_C5940002269_ABE4869g_201603_0.wiff","WLLNEFPVFITMDK",2,"y6",1,NA,NA
"CSF_Biomarkers","2013_1024_1_C5940002269_ABE4869g_201603_0.wiff","WLLNEFPVFITMDK",2,"y8",1,NA,NA
"CSF_Biomarkers","2013_1024_1_C5940002269_ABE4869g_201603_0.wiff","WLLNEFPVFITMDK",2,"y9",1,NA,NA
"CSF_Biomarkers","2013_1024_10_C5940018327_ABE4869g_201704_69.wiff","YIVSGTPTFVPYLIK",2,"b2",1,NA,NA
"CSF_Biomarkers","2013_1024_10_C5940018327_ABE4869g_201704_69.wiff","YIVSGTPTFVPYLIK",2,"y10",2,NA,NA
"CSF_Biomarkers","2013_1024_10_C5940018327_ABE4869g_201704_69.wiff","YIVSGTPTFVPYLIK",2,"y5",1,NA,NA
"CSF_Biomarkers","2013_1024_10_C5940018327_ABE4869g_201704_69.wiff","YIVSGTPTFVPYLIK",2,"y9",1,NA,NA
"CSF_Biomarkers","2013_1024_11_C5940006164_ABE4869g_201707_0.wiff","YIVSGTPTFVPYLIK",2,"b2",1,NA,NA
"CSF_Biomarkers","2013_1024_11_C5940006164_ABE4869g_201707_0.wiff","YIVSGTPTFVPYLIK",2,"y10",2,NA,NA
"CSF_Biomarkers","2013_1024_11_C5940006164_ABE4869g_201707_0.wiff","YIVSGTPTFVPYLIK",2,"y5",1,NA,NA
"CSF_Biomarkers","2013_1024_11_C5940006164_ABE4869g_201707_0.wiff","YIVSGTPTFVPYLIK",2,"y9",1,NA,NA
"CSF_Biomarkers","2013_1024_12_C5940018371_ABE4869g_201707_69.wiff","YIVSGTPTFVPYLIK",2,"b2",1,NA,NA
"CSF_Biomarkers","2013_1024_12_C5940018371_ABE4869g_201707_69.wiff","YIVSGTPTFVPYLIK",2,"y10",2,NA,NA
"CSF_Biomarkers","2013_1024_12_C5940018371_ABE4869g_201707_69.wiff","YIVSGTPTFVPYLIK",2,"y5",1,NA,NA
"CSF_Biomarkers","2013_1024_12_C5940018371_ABE4869g_201707_69.wiff","YIVSGTPTFVPYLIK",2,"y9",1,NA,NA
"CSF_Biomarkers","2013_1024_1_C5940002269_ABE4869g_201603_0.wiff","YIVSGTPTFVPYLIK",2,"b2",1,NA,NA
"CSF_Biomarkers","2013_1024_1_C5940002269_ABE4869g_201603_0.wiff","YIVSGTPTFVPYLIK",2,"y10",2,NA,NA
"CSF_Biomarkers","2013_1024_1_C5940002269_ABE4869g_201603_0.wiff","YIVSGTPTFVPYLIK",2,"y5",1,NA,NA
"CSF_Biomarkers","2013_1024_1_C5940002269_ABE4869g_201603_0.wiff","YIVSGTPTFVPYLIK",2,"y9",1,NA,NA
"CSF_Biomarkers","2013_1024_10_C5940018327_ABE4869g_201704_69.wiff","YWGVASFLQK",2,"y5",1,NA,NA
"CSF_Biomarkers","2013_1024_10_C5940018327_ABE4869g_201704_69.wiff","YWGVASFLQK",2,"y6",1,NA,NA
"CSF_Biomarkers","2013_1024_10_C5940018327_ABE4869g_201704_69.wiff","YWGVASFLQK",2,"y7",1,NA,NA
"CSF_Biomarkers","2013_1024_10_C5940018327_ABE4869g_201704_69.wiff","YWGVASFLQK",2,"y8",1,NA,NA
"CSF_Biomarkers","2013_1024_11_C5940006164_ABE4869g_201707_0.wiff","YWGVASFLQK",2,"y5",1,NA,NA
"CSF_Biomarkers","2013_1024_11_C5940006164_ABE4869g_201707_0.wiff","YWGVASFLQK",2,"y6",1,NA,NA
"CSF_Biomarkers","2013_1024_11_C5940006164_ABE4869g_201707_0.wiff","YWGVASFLQK",2,"y7",1,NA,NA
"CSF_Biomarkers","2013_1024_11_C5940006164_ABE4869g_201707_0.wiff","YWGVASFLQK",2,"y8",1,NA,NA
"CSF_Biomarkers","2013_1024_12_C5940018371_ABE4869g_201707_69.wiff","YWGVASFLQK",2,"y5",1,NA,NA
"CSF_Biomarkers","2013_1024_12_C5940018371_ABE4869g_201707_69.wiff","YWGVASFLQK",2,"y6",1,NA,NA
"CSF_Biomarkers","2013_1024_12_C5940018371_ABE4869g_201707_69.wiff","YWGVASFLQK",2,"y7",1,NA,NA
"CSF_Biomarkers","2013_1024_12_C5940018371_ABE4869g_201707_69.wiff","YWGVASFLQK",2,"y8",1,NA,NA
"CSF_Biomarkers","2013_1024_1_C5940002269_ABE4869g_201603_0.wiff","YWGVASFLQK",2,"y5",1,NA,NA
"CSF_Biomarkers","2013_1024_1_C5940002269_ABE4869g_201603_0.wiff","YWGVASFLQK",2,"y6",1,NA,NA
"CSF_Biomarkers","2013_1024_1_C5940002269_ABE4869g_201603_0.wiff","YWGVASFLQK",2,"y7",1,NA,NA
"CSF_Biomarkers","2013_1024_1_C5940002269_ABE4869g_201603_0.wiff","YWGVASFLQK",2,"y8",1,NA,NA
